"search-number","evaluation","population*","mean-strength*","stddev-strength*","egg-laying-radius*","expected-egg-quantity*","inherit-parent-strength*","fitness","num-replicates","best-fitness-so-far"
"1","10","20","60","5","7","7","true","417.8","10","417.8"
"1","20","40","57","8","9","4","false","107.5","10","107.5"
"1","30","24","54","10","6","7","true","481.4","10","107.5"
"1","40","36","59","5","6","3","false","72.3","10","72.3"
"1","50","32","52","8","7","4","false","108.1","10","72.3"
"1","60","32","55","10","4","6","false","364.3","10","72.3"
"1","70","40","53","5","4","10","true","946.7","10","72.3"
"1","80","20","52","8","7","3","true","37.3","10","37.3"
"1","90","40","59","8","6","4","false","144","10","37.3"
"1","100","32","59","10","6","5","true","302.1","10","37.3"
"1","110","32","50","8","9","9","true","720.1","10","37.3"
"1","120","28","52","5","7","8","true","516.2","10","37.3"
"1","130","20","56","7","7","7","true","426.6","10","37.3"
"1","140","32","50","6","6","10","true","816.4","10","37.3"
"1","150","32","55","6","7","10","true","874.4","10","37.3"
"1","160","28","55","5","4","10","true","969.2","10","37.3"
"1","170","20","59","7","7","8","true","646.1","10","37.3"
"1","180","36","50","7","6","6","false","259.3","10","37.3"
"1","190","28","53","5","4","3","true","63.4","10","37.3"
"1","200","32","52","10","8","4","true","118.7","10","37.3"
"1","210","32","58","10","4","4","false","150.3","10","37.3"
"1","220","36","53","5","8","9","true","735.8","10","37.3"
"1","230","36","60","5","5","3","true","73.8","10","37.3"
"1","240","20","50","7","7","9","false","489.3","10","37.3"
"1","250","24","52","6","7","6","true","283.8","10","37.3"
"1","260","36","57","7","9","9","true","782.2","10","37.3"
"1","270","28","57","7","7","9","false","667.5","10","37.3"
"1","280","24","60","7","9","7","false","379.9","10","37.3"
"1","290","32","55","7","6","4","true","126.9","10","37.3"
"1","300","24","50","10","8","3","true","38","10","37.3"
"1","310","28","57","9","6","6","true","352.3","10","37.3"
"1","320","24","50","9","7","5","false","133.1","10","37.3"
"1","330","40","51","6","6","7","false","371","10","37.3"
"1","340","40","56","5","6","10","false","934.2","10","37.3"
"1","350","20","56","8","4","4","true","142","10","37.3"
"1","360","32","53","6","7","8","true","557.5","10","37.3"
"1","370","36","58","8","4","9","true","940.9","10","37.3"
"1","380","36","52","9","5","9","false","596.9","10","37.3"
"1","390","32","58","8","7","3","false","56","10","37.3"
"1","400","20","51","8","9","8","false","342.2","10","37.3"
"1","410","20","58","8","7","6","false","270.5","10","37.3"
"1","420","28","51","6","5","3","false","42.1","10","37.3"
"1","430","32","58","7","5","8","true","768","10","37.3"
"1","440","20","52","6","7","8","true","437.6","10","37.3"
"1","450","32","50","6","7","7","false","312.7","10","37.3"
"1","460","36","51","9","5","7","true","519.5","10","37.3"
"1","470","36","51","7","9","6","false","257","10","37.3"
"1","480","32","57","8","5","8","true","711","10","37.3"
"1","490","20","59","8","4","6","true","381.3","10","37.3"
"1","500","20","58","8","4","4","true","137.7","10","37.3"
"2","10","20","54","10","4","8","false","470.2","10","470.2"
"2","20","24","60","8","4","4","false","135.7","10","135.7"
"2","30","28","52","5","6","7","false","370","10","135.7"
"2","40","32","58","7","5","4","true","148.1","10","135.7"
"2","50","32","50","10","4","3","true","68.3","10","68.3"
"2","60","36","56","9","9","7","false","417.3","10","68.3"
"2","70","32","50","9","8","10","true","912.5","10","68.3"
"2","80","32","59","10","9","5","true","285.8","10","68.3"
"2","90","36","56","8","7","4","false","124.6","10","68.3"
"2","100","32","59","8","4","6","true","423.6","10","68.3"
"2","110","24","58","9","4","5","false","241.8","10","68.3"
"2","120","20","59","10","4","8","true","676.1","10","68.3"
"2","130","32","50","5","4","4","false","110.3","10","68.3"
"2","140","32","57","8","5","6","true","408.1","10","68.3"
"2","150","24","52","5","4","10","true","817.6","10","68.3"
"2","160","40","52","8","4","8","false","574.6","10","68.3"
"2","170","20","57","8","6","5","true","216.7","10","68.3"
"2","180","32","54","9","4","5","false","218.9","10","68.3"
"2","190","24","59","5","7","3","true","46.2","10","46.2"
"2","200","28","59","10","5","8","false","601.9","10","46.2"
"2","210","36","53","7","5","3","false","55.5","10","46.2"
"2","220","28","60","6","4","3","true","89.9","10","46.2"
"2","230","40","60","8","7","8","true","785.7","10","46.2"
"2","240","40","58","8","5","9","true","935.4","10","46.2"
"2","250","20","50","7","5","6","true","308.5","10","46.2"
"2","260","20","52","5","5","4","true","106.9","10","46.2"
"2","270","20","60","5","4","6","true","327.5","10","46.2"
"2","280","20","50","5","6","6","false","203.1","10","46.2"
"2","290","28","59","5","5","8","true","643.1","10","46.2"
"2","300","28","50","10","6","3","true","49","10","46.2"
"2","310","24","50","8","7","9","false","515.1","10","46.2"
"2","320","20","59","6","4","3","true","59","10","46.2"
"2","330","20","56","7","5","4","true","120.3","10","46.2"
"2","340","20","54","6","7","3","true","41.7","10","41.7"
"2","350","32","56","8","5","3","true","82.3","10","41.7"
"2","360","28","59","8","4","4","true","165.9","10","41.7"
"2","370","32","52","5","7","10","true","794.1","10","41.7"
"2","380","32","50","5","7","9","false","566.1","10","41.7"
"2","390","36","59","5","6","3","true","65.3","10","41.7"
"2","400","28","52","6","6","10","true","913.3","10","41.7"
"2","410","20","57","9","4","4","true","153","10","41.7"
"2","420","24","55","8","6","3","false","47.6","10","41.7"
"2","430","36","58","8","9","6","false","308.9","10","41.7"
"2","440","28","52","8","7","5","false","174.2","10","41.7"
"2","450","40","53","5","8","6","false","262.9","10","41.7"
"2","460","28","55","6","6","5","false","185.8","10","41.7"
"2","470","20","50","10","6","5","true","173.3","10","41.7"
"2","480","40","54","8","5","6","false","327.7","10","41.7"
"2","490","32","51","10","6","9","true","815.6","10","41.7"
"2","500","24","52","5","7","7","true","423.5","10","41.7"
"3","10","20","53","7","5","6","false","237.8","10","237.8"
"3","20","24","59","10","5","5","false","206.1","10","206.1"
"3","30","20","52","7","4","3","true","44.7","10","44.7"
"3","40","28","50","9","4","7","true","477.8","10","44.7"
"3","50","24","57","8","8","9","false","651.3","10","44.7"
"3","60","28","56","9","7","5","false","199.1","10","44.7"
"3","70","20","56","8","6","5","true","227.3","10","44.7"
"3","80","40","59","7","6","9","true","805.6","10","44.7"
"3","90","24","52","8","6","8","false","439.7","10","44.7"
"3","100","36","59","7","4","4","true","194.1","10","44.7"
"3","110","20","58","8","6","10","true","1012.3","10","44.7"
"3","120","20","57","6","9","10","false","698.5","10","44.7"
"3","130","28","54","9","8","9","true","771.4","10","44.7"
"3","140","36","55","7","4","9","true","881.7","10","44.7"
"3","150","20","54","9","9","7","false","336","10","44.7"
"3","160","20","54","6","5","7","false","363.3","10","44.7"
"3","170","40","57","9","7","7","false","469.4","10","44.7"
"3","180","24","60","10","6","8","false","623.7","10","44.7"
"3","190","32","50","5","8","8","true","523.2","10","44.7"
"3","200","28","57","8","4","6","false","342.9","10","44.7"
"3","210","32","58","7","7","10","true","1065.8","10","44.7"
"3","220","40","58","8","4","4","false","176.5","10","44.7"
"3","230","36","51","8","7","4","false","89.9","10","44.7"
"3","240","28","53","8","6","3","true","52.1","10","44.7"
"3","250","24","58","5","8","6","true","304.5","10","44.7"
"3","260","36","52","5","8","3","true","53.1","10","44.7"
"3","270","40","59","8","7","5","false","225.2","10","44.7"
"3","280","32","54","5","4","9","false","640","10","44.7"
"3","290","20","59","6","4","10","false","903.4","10","44.7"
"3","300","32","56","7","4","5","false","227.7","10","44.7"
"3","310","36","57","8","4","5","false","240.4","10","44.7"
"3","320","20","59","9","7","9","false","628.3","10","44.7"
"3","330","32","53","5","4","10","false","825.3","10","44.7"
"3","340","36","60","6","4","9","true","932.6","10","44.7"
"3","350","40","60","8","7","3","false","53.9","10","44.7"
"3","360","24","50","5","7","4","false","74.1","10","44.7"
"3","370","20","58","5","7","10","true","848.1","10","44.7"
"3","380","20","51","8","4","8","false","479.1","10","44.7"
"3","390","24","53","8","5","6","false","280.3","10","44.7"
"3","400","36","60","7","8","5","false","232.6","10","44.7"
"3","410","36","57","9","7","4","true","152","10","44.7"
"3","420","36","52","9","9","6","false","264.4","10","44.7"
"3","430","20","51","6","4","8","true","444.7","10","44.7"
"3","440","32","54","9","4","5","true","285.9","10","44.7"
"3","450","32","53","5","8","4","false","112.1","10","44.7"
"3","460","32","50","8","6","7","true","464","10","44.7"
"3","470","28","56","9","7","3","false","42.4","10","42.4"
"3","480","28","60","7","6","10","true","1029.8","10","42.4"
"3","490","28","57","9","8","3","true","60","10","42.4"
"3","500","40","54","8","8","7","false","399.9","10","42.4"
"4","10","32","50","8","8","3","false","46.7","10","46.7"
"4","20","32","53","9","7","9","false","592.2","10","46.7"
"4","30","40","51","8","4","4","false","126.8","10","46.7"
"4","40","32","57","5","5","5","false","231.1","10","46.7"
"4","50","28","60","9","5","9","true","919.5","10","46.7"
"4","60","36","51","8","4","3","true","66.2","10","46.7"
"4","70","24","58","5","4","5","false","214.7","10","46.7"
"4","80","36","55","5","6","8","true","553.5","10","46.7"
"4","90","24","59","10","5","7","true","568.1","10","46.7"
"4","100","40","56","7","6","4","true","137","10","46.7"
"4","110","32","56","8","5","10","true","1060.1","10","46.7"
"4","120","28","59","10","6","10","false","892.1","10","46.7"
"4","130","24","59","8","4","6","true","395.2","10","46.7"
"4","140","20","54","5","7","3","true","42","10","42"
"4","150","40","59","5","4","6","true","422.1","10","42"
"4","160","24","59","10","4","4","true","175.2","10","42"
"4","170","40","50","9","4","5","false","200.4","10","42"
"4","180","32","52","5","6","4","false","92.8","10","42"
"4","190","32","57","8","7","6","true","372.9","10","42"
"4","200","20","52","5","4","6","true","269.9","10","42"
"4","210","32","59","8","4","10","true","1171.9","10","42"
"4","220","32","58","9","7","7","true","606.9","10","42"
"4","230","20","52","8","5","10","true","869.8","10","42"
"4","240","20","54","7","6","9","false","593.4","10","42"
"4","250","24","60","5","7","6","true","331.9","10","42"
"4","260","32","53","10","4","4","false","139.1","10","42"
"4","270","32","51","8","4","6","false","282.1","10","42"
"4","280","40","55","7","8","9","true","778.6","10","42"
"4","290","28","58","8","4","6","true","430.6","10","42"
"4","300","40","52","6","5","4","true","114.9","10","42"
"4","310","20","56","6","7","9","false","609.3","10","42"
"4","320","28","55","6","4","9","true","771.3","10","42"
"4","330","24","59","8","4","3","false","62.5","10","42"
"4","340","36","57","9","8","10","false","866.6","10","42"
"4","350","36","54","7","4","5","true","236.6","10","42"
"4","360","32","52","5","5","6","false","268.2","10","42"
"4","370","40","57","5","7","3","true","64.6","10","42"
"4","380","36","51","5","4","5","false","225.8","10","42"
"4","390","28","57","6","7","9","false","678.6","10","42"
"4","400","28","58","8","7","7","false","451.8","10","42"
"4","410","32","57","5","6","8","true","675","10","42"
"4","420","36","53","10","4","8","false","568.3","10","42"
"4","430","32","55","10","4","7","true","563.1","10","42"
"4","440","32","50","9","4","3","true","77.8","10","42"
"4","450","32","56","8","9","3","true","55.5","10","42"
"4","460","32","50","9","5","8","true","604.9","10","42"
"4","470","20","59","9","4","4","false","126.2","10","42"
"4","480","20","50","8","7","4","true","97.2","10","42"
"4","490","40","59","9","7","9","true","983.4","10","42"
"4","500","32","52","7","9","5","false","150.7","10","42"
"5","10","40","52","6","4","3","true","80.1","10","80.1"
"5","20","24","52","5","4","5","false","192.9","10","80.1"
"5","30","36","54","5","6","9","true","694.5","10","80.1"
"5","40","32","52","10","4","7","false","410.9","10","80.1"
"5","50","40","50","9","7","7","false","367.2","10","80.1"
"5","60","20","54","9","4","4","false","111.3","10","80.1"
"5","70","40","52","7","5","5","false","198.2","10","80.1"
"5","80","20","52","10","7","5","true","196.9","10","80.1"
"5","90","32","59","7","6","8","true","701.5","10","80.1"
"5","100","32","59","9","4","5","true","318.9","10","80.1"
"5","110","32","50","10","9","5","false","140.1","10","80.1"
"5","120","32","56","7","7","7","true","485.6","10","80.1"
"5","130","32","50","8","7","10","true","876.1","10","80.1"
"5","140","40","60","9","4","7","true","706.9","10","80.1"
"5","150","24","58","10","7","8","false","537.1","10","80.1"
"5","160","32","54","5","7","3","false","43","10","43"
"5","170","32","50","5","7","10","false","647.8","10","43"
"5","180","32","56","7","6","8","false","524","10","43"
"5","190","36","53","8","8","4","false","88.5","10","43"
"5","200","40","50","5","6","5","false","167.3","10","43"
"5","210","32","57","10","4","9","true","973.6","10","43"
"5","220","28","52","5","7","3","true","38.8","10","38.8"
"5","230","32","51","6","8","6","false","220","10","38.8"
"5","240","40","52","6","8","9","true","684.7","10","38.8"
"5","250","40","54","5","9","9","true","712.5","10","38.8"
"5","260","28","50","5","7","6","false","195.7","10","38.8"
"5","270","20","55","8","6","3","false","43.3","10","38.8"
"5","280","20","56","9","4","10","false","836.3","10","38.8"
"5","290","32","55","5","7","10","false","781.8","10","38.8"
"5","300","24","54","8","6","8","false","491.7","10","38.8"
"5","310","32","50","5","6","4","false","76.3","10","38.8"
"5","320","32","50","8","9","6","false","235.7","10","38.8"
"5","330","24","54","8","7","8","true","545.1","10","38.8"
"5","340","40","59","5","4","5","false","285.3","10","38.8"
"5","350","36","52","9","4","7","true","505.1","10","38.8"
"5","360","40","54","9","9","7","true","474.2","10","38.8"
"5","370","20","60","8","7","10","false","809.8","10","38.8"
"5","380","20","50","10","6","8","true","589.5","10","38.8"
"5","390","36","50","8","7","9","false","565.1","10","38.8"
"5","400","32","57","8","4","7","false","453.8","10","38.8"
"5","410","32","52","9","4","9","true","824.2","10","38.8"
"5","420","20","51","5","8","6","false","202.6","10","38.8"
"5","430","28","52","10","6","6","true","364.6","10","38.8"
"5","440","24","54","6","9","8","false","448.8","10","38.8"
"5","450","28","52","8","7","9","false","542.1","10","38.8"
"5","460","40","59","10","5","7","false","526.7","10","38.8"
"5","470","24","57","7","9","4","false","86","10","38.8"
"5","480","36","56","6","7","5","true","265.9","10","38.8"
"5","490","28","55","5","7","4","false","91.7","10","38.8"
"5","500","24","50","8","4","3","false","39.5","10","38.8"
"6","10","28","51","5","7","10","false","668.9","10","668.9"
"6","20","24","59","10","6","10","true","1168.6","10","668.9"
"6","30","32","59","5","4","7","true","561.7","10","561.7"
"6","40","32","54","10","4","3","false","70.8","10","70.8"
"6","50","28","52","5","4","4","false","102.4","10","70.8"
"6","60","32","57","8","5","9","false","823.2","10","70.8"
"6","70","28","59","10","5","3","true","70.6","10","70.6"
"6","80","36","56","6","6","5","false","204.7","10","70.6"
"6","90","36","50","8","9","5","false","144.1","10","70.6"
"6","100","20","59","6","8","4","false","88.1","10","70.6"
"6","110","40","50","8","7","5","false","169.6","10","70.6"
"6","120","20","54","8","7","6","true","337.5","10","70.6"
"6","130","36","59","8","7","7","false","488.4","10","70.6"
"6","140","36","53","7","7","6","false","298.4","10","70.6"
"6","150","32","57","5","4","9","true","872","10","70.6"
"6","160","40","56","10","9","6","true","410.2","10","70.6"
"6","170","20","57","8","5","9","false","693.9","10","70.6"
"6","180","32","57","9","7","5","true","270.7","10","70.6"
"6","190","40","52","6","4","7","false","442.4","10","70.6"
"6","200","20","54","6","4","6","true","305","10","70.6"
"6","210","24","57","9","9","8","true","676.9","10","70.6"
"6","220","32","54","7","7","8","true","537.1","10","70.6"
"6","230","32","54","7","8","4","true","104.4","10","70.6"
"6","240","20","52","7","7","3","true","31.2","10","31.2"
"6","250","20","53","10","7","8","false","466.6","10","31.2"
"6","260","24","59","8","7","6","false","304.2","10","31.2"
"6","270","36","52","9","4","9","false","677.2","10","31.2"
"6","280","20","52","8","9","7","true","380.9","10","31.2"
"6","290","36","55","7","8","8","false","537.7","10","31.2"
"6","300","20","50","9","8","7","false","270.3","10","31.2"
"6","310","32","58","7","8","5","true","229.8","10","31.2"
"6","320","20","54","8","8","6","true","280.5","10","31.2"
"6","330","36","50","9","4","10","false","792.9","10","31.2"
"6","340","20","57","5","4","8","true","623.4","10","31.2"
"6","350","32","57","5","7","7","false","427.8","10","31.2"
"6","360","32","60","9","9","9","true","876.8","10","31.2"
"6","370","40","56","6","7","4","false","116.4","10","31.2"
"6","380","20","52","9","9","8","false","384.6","10","31.2"
"6","390","24","59","9","4","10","false","916.4","10","31.2"
"6","400","32","51","7","5","7","true","474.7","10","31.2"
"6","410","20","57","8","6","9","false","611.5","10","31.2"
"6","420","36","54","5","5","3","true","59.7","10","31.2"
"6","430","20","56","8","5","3","true","56.5","10","31.2"
"6","440","32","57","9","6","6","false","349.5","10","31.2"
"6","450","20","54","5","4","10","false","703","10","31.2"
"6","460","40","56","8","4","6","true","410.2","10","31.2"
"6","470","20","57","9","7","6","false","270.7","10","31.2"
"6","480","20","56","5","5","6","false","262.2","10","31.2"
"6","490","20","51","8","7","10","false","620.4","10","31.2"
"6","500","32","54","8","4","6","true","397.3","10","31.2"
"7","10","28","59","5","7","8","true","618.1","10","618.1"
"7","20","20","53","8","7","5","false","164.3","10","164.3"
"7","30","32","52","7","8","8","false","439","10","164.3"
"7","40","28","57","10","4","9","true","868.8","10","164.3"
"7","50","32","53","8","4","6","false","306","10","164.3"
"7","60","24","53","6","8","8","false","427.8","10","164.3"
"7","70","28","57","5","6","10","true","905.3","10","164.3"
"7","80","36","52","9","4","5","true","288.1","10","164.3"
"7","90","32","60","8","7","10","false","891.4","10","164.3"
"7","100","20","59","5","6","6","false","294.7","10","164.3"
"7","110","20","57","8","6","4","false","83.6","10","83.6"
"7","120","40","56","9","7","8","true","733.5","10","83.6"
"7","130","40","52","8","5","5","false","219.9","10","83.6"
"7","140","20","50","8","5","7","true","398","10","83.6"
"7","150","28","51","7","4","10","false","748.9","10","83.6"
"7","160","32","59","5","7","3","true","60.6","10","60.6"
"7","170","40","50","5","6","6","false","258","10","60.6"
"7","180","32","50","8","4","4","false","92.2","10","60.6"
"7","190","32","50","7","7","5","false","123","10","60.6"
"7","200","20","58","5","7","6","true","297.1","10","60.6"
"7","210","20","58","9","6","4","false","81.7","10","60.6"
"7","220","20","59","5","6","3","true","47.4","10","47.4"
"7","230","40","51","9","7","9","false","593.4","10","47.4"
"7","240","40","60","8","9","7","true","570.5","10","47.4"
"7","250","20","53","8","6","9","true","680.8","10","47.4"
"7","260","32","58","9","4","8","false","601.5","10","47.4"
"7","270","20","54","9","8","9","false","553.5","10","47.4"
"7","280","20","50","9","6","3","false","36.1","10","36.1"
"7","290","36","51","10","4","6","true","385.4","10","36.1"
"7","300","20","54","7","9","6","false","202.8","10","36.1"
"7","310","24","56","8","7","8","true","635.7","10","36.1"
"7","320","24","55","7","8","5","true","190.4","10","36.1"
"7","330","32","50","5","6","3","false","41.9","10","36.1"
"7","340","32","60","10","8","10","false","879.3","10","36.1"
"7","350","40","55","10","4","10","false","914.8","10","36.1"
"7","360","24","52","8","9","10","true","880.9","10","36.1"
"7","370","36","51","10","7","10","true","1040","10","36.1"
"7","380","32","57","9","7","5","false","189.6","10","36.1"
"7","390","20","54","7","6","9","false","591.1","10","36.1"
"7","400","36","60","5","9","7","false","450.4","10","36.1"
"7","410","20","50","8","7","8","true","510.7","10","36.1"
"7","420","32","60","5","7","10","true","1001.5","10","36.1"
"7","430","32","55","8","8","6","true","354.2","10","36.1"
"7","440","24","50","8","4","8","false","423.5","10","36.1"
"7","450","20","58","7","6","4","false","97.7","10","36.1"
"7","460","20","57","9","4","8","false","584.9","10","36.1"
"7","470","32","54","10","4","7","true","574.3","10","36.1"
"7","480","36","57","5","4","8","false","631.9","10","36.1"
"7","490","20","51","5","9","4","false","62.1","10","36.1"
"7","500","32","59","7","9","3","true","53.8","10","36.1"
"8","10","20","57","5","4","6","true","323.9","10","323.9"
"8","20","40","50","6","7","3","false","42.1","10","42.1"
"8","30","32","59","5","9","9","false","654.4","10","42.1"
"8","40","32","59","6","4","8","true","756.6","10","42.1"
"8","50","24","59","5","4","9","false","723.4","10","42.1"
"8","60","32","53","5","4","4","true","143.5","10","42.1"
"8","70","32","58","5","8","3","false","53.1","10","42.1"
"8","80","28","55","7","9","9","true","694.5","10","42.1"
"8","90","28","51","10","8","10","false","727.7","10","42.1"
"8","100","24","59","5","7","7","true","498.8","10","42.1"
"8","110","20","50","9","7","5","false","126","10","42.1"
"8","120","20","56","10","6","3","true","55.1","10","42.1"
"8","130","20","55","5","6","4","false","94.8","10","42.1"
"8","140","32","50","9","4","6","true","356.7","10","42.1"
"8","150","28","51","6","7","4","true","105.2","10","42.1"
"8","160","36","52","5","9","7","false","340","10","42.1"
"8","170","20","53","8","6","9","true","756.9","10","42.1"
"8","180","40","55","9","4","8","false","657","10","42.1"
"8","190","24","59","8","7","4","false","118.8","10","42.1"
"8","200","40","50","8","7","10","true","895.3","10","42.1"
"8","210","28","59","6","9","5","false","183.8","10","42.1"
"8","220","28","55","9","4","4","false","120.6","10","42.1"
"8","230","40","53","6","6","4","true","133.2","10","42.1"
"8","240","20","59","8","7","5","true","217.1","10","42.1"
"8","250","28","58","8","5","10","true","1061.2","10","42.1"
"8","260","28","57","9","4","8","true","701.4","10","42.1"
"8","270","28","54","7","5","6","true","322.3","10","42.1"
"8","280","28","51","6","7","6","true","274.1","10","42.1"
"8","290","24","54","5","4","9","true","737.8","10","42.1"
"8","300","20","59","6","8","5","false","174.6","10","42.1"
"8","310","40","57","5","9","4","true","116.4","10","42.1"
"8","320","20","57","9","5","4","true","122.3","10","42.1"
"8","330","28","57","6","7","7","false","419.4","10","42.1"
"8","340","20","60","7","4","10","true","1014.3","10","42.1"
"8","350","20","55","9","5","8","false","469.1","10","42.1"
"8","360","32","56","5","4","6","true","396.4","10","42.1"
"8","370","24","50","8","7","8","false","448.7","10","42.1"
"8","380","32","59","7","7","10","true","990.6","10","42.1"
"8","390","40","52","7","8","3","true","53","10","42.1"
"8","400","28","59","9","5","6","true","388.1","10","42.1"
"8","410","36","60","7","5","10","false","1005.5","10","42.1"
"8","420","40","50","5","8","3","true","49","10","42.1"
"8","430","24","52","8","7","6","false","240.9","10","42.1"
"8","440","24","53","5","7","7","true","367.9","10","42.1"
"8","450","40","52","10","7","8","false","531.7","10","42.1"
"8","460","40","56","5","4","4","true","164.4","10","42.1"
"8","470","36","50","9","7","10","false","706.9","10","42.1"
"8","480","28","60","10","4","6","true","470.3","10","42.1"
"8","490","32","54","10","4","5","true","324.7","10","42.1"
"8","500","40","58","6","8","5","false","193.4","10","42.1"
"9","10","32","59","8","5","8","true","756.7","10","756.7"
"9","20","32","57","6","6","9","false","720.7","10","720.7"
"9","30","32","51","10","5","4","false","94.8","10","94.8"
"9","40","24","59","9","4","6","true","436.3","10","94.8"
"9","50","32","52","8","9","5","false","177.7","10","94.8"
"9","60","40","53","8","7","6","false","280","10","94.8"
"9","70","20","59","10","4","9","false","718.1","10","94.8"
"9","80","36","57","6","4","6","false","366.5","10","94.8"
"9","90","40","57","8","5","5","false","249.6","10","94.8"
"9","100","40","52","5","4","6","true","386.7","10","94.8"
"9","110","24","59","5","7","8","false","495","10","94.8"
"9","120","28","57","6","4","8","true","693.8","10","94.8"
"9","130","36","60","5","4","7","false","565.4","10","94.8"
"9","140","36","52","8","9","9","false","616.5","10","94.8"
"9","150","28","52","7","8","3","false","42","10","42"
"9","160","32","51","6","7","9","true","697.2","10","42"
"9","170","32","52","7","7","4","false","90.7","10","42"
"9","180","32","53","9","5","7","false","403.9","10","42"
"9","190","20","57","5","4","10","false","834","10","42"
"9","200","24","51","8","5","4","false","85.3","10","42"
"9","210","20","52","9","4","8","false","483.2","10","42"
"9","220","32","54","10","6","7","false","381.7","10","42"
"9","230","36","56","10","7","7","true","536.5","10","42"
"9","240","24","54","6","4","7","false","397.7","10","42"
"9","250","28","55","6","5","9","false","645","10","42"
"9","260","24","50","8","8","3","false","34.8","10","34.8"
"9","270","28","57","10","4","6","false","306.3","10","34.8"
"9","280","28","55","6","4","9","true","844.9","10","34.8"
"9","290","32","59","8","9","4","false","105.8","10","34.8"
"9","300","20","56","9","7","6","false","248.1","10","34.8"
"9","310","28","55","8","7","3","false","44.9","10","34.8"
"9","320","24","52","8","8","4","false","85.7","10","34.8"
"9","330","20","51","10","7","9","true","689.7","10","34.8"
"9","340","28","55","9","6","6","true","368","10","34.8"
"9","350","32","59","8","9","4","true","137.7","10","34.8"
"9","360","32","50","5","7","6","false","245.7","10","34.8"
"9","370","40","58","7","6","8","true","715.7","10","34.8"
"9","380","32","50","8","7","9","true","809.5","10","34.8"
"9","390","36","56","9","9","8","true","733.4","10","34.8"
"9","400","36","60","9","4","9","false","866.7","10","34.8"
"9","410","40","60","6","7","9","false","823.1","10","34.8"
"9","420","28","59","6","4","3","false","80.4","10","34.8"
"9","430","36","59","5","7","4","true","144.4","10","34.8"
"9","440","32","51","5","4","7","true","452.7","10","34.8"
"9","450","20","54","5","8","9","false","565.1","10","34.8"
"9","460","36","53","8","7","5","false","198.5","10","34.8"
"9","470","20","59","7","4","3","false","58.1","10","34.8"
"9","480","24","55","8","7","7","true","453.6","10","34.8"
"9","490","36","54","10","7","3","false","53.9","10","34.8"
"9","500","20","56","6","7","9","true","727","10","34.8"
"10","10","36","58","5","7","8","false","565.8","10","565.8"
"10","20","40","54","5","6","8","true","612.3","10","565.8"
"10","30","36","54","10","4","3","false","76.1","10","76.1"
"10","40","20","50","8","8","7","true","366.4","10","76.1"
"10","50","32","57","8","4","9","true","856.3","10","76.1"
"10","60","40","60","5","9","3","true","67.6","10","67.6"
"10","70","20","59","9","4","4","true","147.3","10","67.6"
"10","80","20","55","5","4","9","true","631.9","10","67.6"
"10","90","36","54","6","7","10","false","777.3","10","67.6"
"10","100","36","60","6","5","3","false","78.6","10","67.6"
"10","110","36","50","6","9","10","true","759.4","10","67.6"
"10","120","32","60","5","5","6","false","392.2","10","67.6"
"10","130","40","50","8","5","10","true","1006.6","10","67.6"
"10","140","24","55","9","9","3","false","42","10","42"
"10","150","28","50","6","4","3","false","48.7","10","42"
"10","160","32","56","7","6","9","false","690","10","42"
"10","170","32","55","8","4","8","true","673.4","10","42"
"10","180","28","51","5","8","8","true","492.8","10","42"
"10","190","28","52","8","9","6","false","253.7","10","42"
"10","200","36","52","8","6","3","true","58.3","10","42"
"10","210","24","60","5","4","7","true","544.8","10","42"
"10","220","32","50","10","7","5","false","170.2","10","42"
"10","230","32","56","8","4","3","true","70.9","10","42"
"10","240","36","59","5","6","8","false","626.3","10","42"
"10","250","24","57","5","8","6","false","269.7","10","42"
"10","260","20","50","8","4","9","false","529","10","42"
"10","270","20","53","5","8","9","false","473.7","10","42"
"10","280","20","60","8","7","5","false","192.9","10","42"
"10","290","24","54","5","4","5","true","212.2","10","42"
"10","300","32","53","8","8","7","true","451.7","10","42"
"10","310","40","54","5","4","9","true","839.3","10","42"
"10","320","28","50","8","6","8","false","456.2","10","42"
"10","330","40","53","10","7","5","true","259.6","10","42"
"10","340","20","54","9","4","9","false","567","10","42"
"10","350","40","51","9","5","6","true","380.5","10","42"
"10","360","40","54","5","6","8","true","576.8","10","42"
"10","370","40","55","7","9","6","false","282.6","10","42"
"10","380","20","57","8","5","8","true","636.2","10","42"
"10","390","32","50","6","8","6","false","238.4","10","42"
"10","400","20","54","5","4","8","false","483.7","10","42"
"10","410","36","59","5","8","10","false","895.7","10","42"
"10","420","32","58","6","4","4","false","152.9","10","42"
"10","430","28","50","5","8","3","true","39.8","10","39.8"
"10","440","32","52","5","4","8","true","596.9","10","39.8"
"10","450","32","57","7","7","7","false","395.5","10","39.8"
"10","460","28","59","6","6","10","false","925.7","10","39.8"
"10","470","40","52","7","5","9","true","778.6","10","39.8"
"10","480","20","59","8","7","7","true","468.7","10","39.8"
"10","490","20","54","7","8","3","true","34.2","10","34.2"
"10","500","40","51","6","7","9","true","725.7","10","34.2"
"11","10","20","57","6","6","10","false","719.2","10","719.2"
"11","20","28","51","8","4","7","true","502.5","10","502.5"
"11","30","28","53","6","8","9","true","685.8","10","502.5"
"11","40","40","52","5","4","7","true","517","10","502.5"
"11","50","24","55","9","9","6","true","333.8","10","333.8"
"11","60","32","57","10","8","6","true","382.9","10","333.8"
"11","70","20","54","10","9","4","true","110.9","10","110.9"
"11","80","20","58","5","9","6","false","228.6","10","110.9"
"11","90","36","60","8","4","8","false","698","10","110.9"
"11","100","24","56","10","5","3","false","51.3","10","51.3"
"11","110","36","53","6","7","7","false","368.2","10","51.3"
"11","120","40","56","8","7","10","true","1066.9","10","51.3"
"11","130","24","51","10","7","10","false","686.4","10","51.3"
"11","140","32","57","10","7","7","true","600.5","10","51.3"
"11","150","20","58","5","8","8","false","497.7","10","51.3"
"11","160","40","56","5","7","9","true","734.4","10","51.3"
"11","170","36","57","8","4","9","false","838.7","10","51.3"
"11","180","40","60","7","9","8","false","572.8","10","51.3"
"11","190","28","52","6","4","3","true","63.6","10","51.3"
"11","200","32","52","5","4","7","true","446.9","10","51.3"
"11","210","20","52","5","4","7","true","345.3","10","51.3"
"11","220","20","56","9","5","4","true","121.4","10","51.3"
"11","230","32","57","5","4","10","false","876","10","51.3"
"11","240","32","52","8","8","8","false","435.9","10","51.3"
"11","250","40","57","10","8","5","false","215.3","10","51.3"
"11","260","40","55","5","7","3","true","62.8","10","51.3"
"11","270","32","52","7","5","4","true","117.7","10","51.3"
"11","280","36","55","9","7","10","true","1076.1","10","51.3"
"11","290","32","54","10","4","4","true","164.8","10","51.3"
"11","300","20","53","7","7","10","false","629.7","10","51.3"
"11","310","36","57","8","9","8","true","657","10","51.3"
"11","320","28","56","9","7","8","true","679.3","10","51.3"
"11","330","24","59","9","7","9","false","688.4","10","51.3"
"11","340","40","52","8","6","4","false","101.6","10","51.3"
"11","350","40","55","10","7","3","false","59.9","10","51.3"
"11","360","28","59","8","9","7","true","512.5","10","51.3"
"11","370","32","50","5","7","4","true","97.8","10","51.3"
"11","380","20","59","6","4","9","false","745.4","10","51.3"
"11","390","24","55","5","4","7","false","435.3","10","51.3"
"11","400","32","54","9","4","3","false","62.8","10","51.3"
"11","410","40","54","5","4","9","false","747.1","10","51.3"
"11","420","28","60","8","4","9","true","890.7","10","51.3"
"11","430","32","58","8","7","8","false","607.8","10","51.3"
"11","440","40","59","9","7","10","true","1180.8","10","51.3"
"11","450","24","58","9","5","7","true","540.8","10","51.3"
"11","460","28","50","6","7","10","false","683.5","10","51.3"
"11","470","20","54","7","9","10","true","802.6","10","51.3"
"11","480","32","60","5","8","6","false","278.7","10","51.3"
"11","490","28","59","8","6","10","true","1014.4","10","51.3"
"11","500","24","57","8","6","9","true","739.8","10","51.3"
"12","10","32","57","9","4","7","false","510.4","10","510.4"
"12","20","28","55","10","4","8","true","666.7","10","510.4"
"12","30","20","54","7","5","9","true","720.9","10","510.4"
"12","40","36","51","10","4","7","true","537.2","10","510.4"
"12","50","40","58","9","7","8","true","725.6","10","510.4"
"12","60","20","55","5","6","4","true","101.2","10","101.2"
"12","70","28","59","10","8","7","true","525.2","10","101.2"
"12","80","36","52","9","9","3","true","54","10","54"
"12","90","28","60","10","8","6","true","432.2","10","54"
"12","100","32","57","9","7","3","false","60.2","10","54"
"12","110","32","52","7","5","4","true","143.9","10","54"
"12","120","24","54","8","4","9","false","650.9","10","54"
"12","130","20","52","9","8","7","true","376.9","10","54"
"12","140","40","59","5","5","3","true","88.3","10","54"
"12","150","36","54","8","6","9","true","828.8","10","54"
"12","160","40","51","6","9","5","false","152.9","10","54"
"12","170","20","60","8","5","3","false","55.1","10","54"
"12","180","32","52","9","7","7","true","435.4","10","54"
"12","190","20","52","10","9","8","false","421","10","54"
"12","200","28","58","10","7","4","false","107.1","10","54"
"12","210","32","50","10","7","8","true","638.2","10","54"
"12","220","20","51","8","7","7","false","343","10","54"
"12","230","40","52","5","9","3","true","46","10","46"
"12","240","40","51","5","9","7","true","419.3","10","46"
"12","250","24","54","5","9","6","true","267.8","10","46"
"12","260","20","54","5","5","8","false","476.5","10","46"
"12","270","20","59","5","9","8","true","545.9","10","46"
"12","280","36","54","9","7","10","false","807.4","10","46"
"12","290","36","54","10","4","5","false","239.5","10","46"
"12","300","32","58","5","7","7","false","431.3","10","46"
"12","310","32","52","8","6","3","false","42","10","42"
"12","320","32","53","5","4","10","true","871.6","10","42"
"12","330","40","51","10","4","3","true","85.4","10","42"
"12","340","32","50","10","7","4","false","85.3","10","42"
"12","350","40","57","5","4","7","true","540.9","10","42"
"12","360","36","56","5","4","4","false","148.7","10","42"
"12","370","28","60","8","5","8","true","722.3","10","42"
"12","380","32","55","5","9","5","true","177","10","42"
"12","390","32","57","5","9","9","false","651","10","42"
"12","400","32","53","8","8","10","true","1010.7","10","42"
"12","410","36","52","7","7","4","false","96.8","10","42"
"12","420","40","57","9","6","10","true","1050.9","10","42"
"12","430","32","59","8","7","10","false","898.6","10","42"
"12","440","20","52","7","5","3","true","42.8","10","42"
"12","450","36","54","9","8","4","false","105.2","10","42"
"12","460","36","53","5","8","5","false","164.8","10","42"
"12","470","20","52","10","6","6","false","240.3","10","42"
"12","480","32","57","6","4","4","true","165.5","10","42"
"12","490","24","55","9","8","3","false","42.2","10","42"
"12","500","32","53","7","4","3","false","64.6","10","42"
"13","10","36","53","5","4","9","false","693.6","10","693.6"
"13","20","36","59","7","8","10","true","1022.1","10","693.6"
"13","30","28","59","5","5","9","false","815.9","10","693.6"
"13","40","20","52","8","4","8","false","434.8","10","434.8"
"13","50","24","50","7","7","7","true","371.4","10","371.4"
"13","60","24","57","5","7","9","true","731","10","371.4"
"13","70","20","59","8","5","9","false","680.7","10","371.4"
"13","80","36","57","7","8","6","false","316.1","10","316.1"
"13","90","20","53","10","5","6","false","245.2","10","245.2"
"13","100","32","54","8","6","5","false","189.7","10","189.7"
"13","110","20","59","5","7","10","false","776.1","10","189.7"
"13","120","32","59","7","8","10","false","911.6","10","189.7"
"13","130","28","53","8","6","9","false","602.8","10","189.7"
"13","140","40","52","5","8","9","true","674.4","10","189.7"
"13","150","20","53","7","8","5","false","144.2","10","144.2"
"13","160","24","52","8","4","4","true","108.6","10","108.6"
"13","170","24","59","8","5","10","false","826.6","10","108.6"
"13","180","24","50","10","7","9","false","555.8","10","108.6"
"13","190","32","59","8","6","8","false","587.4","10","108.6"
"13","200","24","60","7","4","6","false","378.6","10","108.6"
"13","210","28","50","7","4","4","false","88.7","10","88.7"
"13","220","32","54","9","8","5","false","177.5","10","88.7"
"13","230","32","59","5","4","8","true","718.6","10","88.7"
"13","240","28","54","7","4","9","false","697.6","10","88.7"
"13","250","28","52","7","4","8","true","548.7","10","88.7"
"13","260","40","52","5","4","7","false","430.2","10","88.7"
"13","270","28","50","9","7","9","true","786.2","10","88.7"
"13","280","20","56","8","4","4","true","136.1","10","88.7"
"13","290","24","50","9","4","8","false","449.7","10","88.7"
"13","300","28","50","7","9","3","true","35.9","10","35.9"
"13","310","32","59","7","9","10","false","836.5","10","35.9"
"13","320","36","56","8","7","4","true","166.8","10","35.9"
"13","330","32","54","7","5","4","true","131.5","10","35.9"
"13","340","20","59","8","7","9","false","654.1","10","35.9"
"13","350","28","51","8","4","5","true","199.7","10","35.9"
"13","360","36","59","5","7","7","true","532.5","10","35.9"
"13","370","32","51","9","7","10","true","1015.1","10","35.9"
"13","380","20","51","7","8","9","true","687.7","10","35.9"
"13","390","36","53","10","4","6","true","421.5","10","35.9"
"13","400","32","56","9","4","7","false","488.5","10","35.9"
"13","410","24","52","8","4","9","true","706.3","10","35.9"
"13","420","32","60","8","5","4","false","132.5","10","35.9"
"13","430","32","52","7","7","3","true","51.1","10","35.9"
"13","440","40","57","7","7","10","false","855.5","10","35.9"
"13","450","20","56","10","8","6","false","242.3","10","35.9"
"13","460","36","56","5","6","4","false","129.1","10","35.9"
"13","470","20","52","9","6","5","false","146","10","35.9"
"13","480","32","54","6","7","8","false","488.9","10","35.9"
"13","490","36","57","5","6","4","true","140.5","10","35.9"
"13","500","36","59","5","7","4","false","121.3","10","35.9"
"14","10","20","50","8","4","7","true","386.9","10","386.9"
"14","20","24","56","10","7","10","false","737.4","10","386.9"
"14","30","40","57","10","4","5","true","322.9","10","322.9"
"14","40","36","57","5","5","8","true","677.9","10","322.9"
"14","50","20","56","8","5","4","false","108.8","10","108.8"
"14","60","24","56","10","7","8","false","506.8","10","108.8"
"14","70","24","57","10","4","5","true","290","10","108.8"
"14","80","32","50","8","7","4","true","97.7","10","97.7"
"14","90","20","56","8","9","6","false","228.8","10","97.7"
"14","100","20","60","5","5","3","true","63.9","10","63.9"
"14","110","32","51","6","4","10","false","775.9","10","63.9"
"14","120","24","52","5","9","9","false","516.8","10","63.9"
"14","130","20","51","10","5","7","true","430.6","10","63.9"
"14","140","28","59","6","7","10","true","925.1","10","63.9"
"14","150","20","52","5","4","6","false","226.9","10","63.9"
"14","160","24","58","8","7","7","false","395.5","10","63.9"
"14","170","20","60","7","7","7","true","484.7","10","63.9"
"14","180","28","60","10","4","10","true","1116","10","63.9"
"14","190","20","53","7","4","6","true","315.7","10","63.9"
"14","200","32","56","9","4","7","true","568.1","10","63.9"
"14","210","40","60","9","7","8","true","779.9","10","63.9"
"14","220","28","52","8","9","10","false","671.8","10","63.9"
"14","230","32","50","7","8","3","true","39.5","10","39.5"
"14","240","32","55","10","7","7","false","429.7","10","39.5"
"14","250","20","54","10","8","3","true","50.5","10","39.5"
"14","260","32","52","5","6","4","true","111.4","10","39.5"
"14","270","40","51","8","4","4","false","130.8","10","39.5"
"14","280","36","54","8","9","10","true","960.4","10","39.5"
"14","290","40","52","8","7","4","false","107.7","10","39.5"
"14","300","20","57","8","7","8","false","487.3","10","39.5"
"14","310","28","51","5","6","7","true","386.8","10","39.5"
"14","320","20","50","5","7","7","false","279.2","10","39.5"
"14","330","32","50","7","7","5","false","144.9","10","39.5"
"14","340","32","53","8","7","5","false","192.2","10","39.5"
"14","350","32","56","6","5","4","false","119.6","10","39.5"
"14","360","32","52","7","4","4","false","108.9","10","39.5"
"14","370","20","59","7","4","5","false","203.4","10","39.5"
"14","380","32","59","8","8","8","true","707.5","10","39.5"
"14","390","32","57","5","7","7","true","447.2","10","39.5"
"14","400","24","59","8","5","8","true","658.4","10","39.5"
"14","410","20","56","8","4","3","true","57.4","10","39.5"
"14","420","20","53","8","4","7","true","413.8","10","39.5"
"14","430","28","57","8","9","4","false","107.3","10","39.5"
"14","440","40","57","6","4","7","true","540","10","39.5"
"14","450","36","52","8","5","3","false","62.6","10","39.5"
"14","460","20","50","7","8","4","true","85","10","39.5"
"14","470","36","54","9","8","5","false","183.6","10","39.5"
"14","480","36","58","10","5","8","false","658","10","39.5"
"14","490","28","52","7","4","5","true","232.7","10","39.5"
"14","500","32","57","7","7","3","true","59.3","10","39.5"
"15","10","36","52","7","4","3","false","61.2","10","61.2"
"15","20","28","51","8","6","3","true","51.7","10","51.7"
"15","30","40","57","10","8","8","true","829","10","51.7"
"15","40","28","50","10","5","8","false","438.8","10","51.7"
"15","50","32","59","6","6","10","true","1018.3","10","51.7"
"15","60","40","50","7","8","4","false","80.9","10","51.7"
"15","70","20","55","9","7","3","true","47.2","10","47.2"
"15","80","20","57","5","6","4","false","98.9","10","47.2"
"15","90","40","52","6","5","5","false","209.2","10","47.2"
"15","100","36","50","5","5","3","true","53.3","10","47.2"
"15","110","20","57","10","7","5","false","176.3","10","47.2"
"15","120","24","58","8","4","10","true","993.8","10","47.2"
"15","130","28","57","6","4","8","true","673.6","10","47.2"
"15","140","24","59","8","7","4","false","117.1","10","47.2"
"15","150","24","52","5","7","4","true","87.6","10","47.2"
"15","160","36","51","7","6","8","true","578.7","10","47.2"
"15","170","28","55","10","8","3","false","44.5","10","44.5"
"15","180","40","53","6","7","10","true","978.9","10","44.5"
"15","190","28","57","7","7","7","false","437.9","10","44.5"
"15","200","32","51","8","4","3","false","69.6","10","44.5"
"15","210","24","55","8","7","6","true","319.5","10","44.5"
"15","220","20","55","8","4","10","false","789","10","44.5"
"15","230","20","54","9","9","3","true","39.5","10","39.5"
"15","240","20","52","5","6","7","true","376.1","10","39.5"
"15","250","40","57","10","8","9","false","708.7","10","39.5"
"15","260","36","50","5","7","7","false","335.9","10","39.5"
"15","270","32","52","9","7","8","true","622.5","10","39.5"
"15","280","40","52","10","7","6","false","276.7","10","39.5"
"15","290","20","53","6","7","4","true","81.7","10","39.5"
"15","300","32","59","8","9","6","true","383.1","10","39.5"
"15","310","40","59","7","7","7","true","568.5","10","39.5"
"15","320","20","53","5","7","3","true","39.3","10","39.3"
"15","330","36","54","9","8","4","false","89.4","10","39.3"
"15","340","32","53","6","6","10","true","878.4","10","39.3"
"15","350","32","59","6","4","4","false","168.2","10","39.3"
"15","360","28","59","5","7","8","false","597.5","10","39.3"
"15","370","24","59","5","7","4","false","104.4","10","39.3"
"15","380","40","60","8","7","9","true","903.5","10","39.3"
"15","390","20","54","10","9","4","false","81.7","10","39.3"
"15","400","36","59","6","5","6","true","424.9","10","39.3"
"15","410","20","56","8","5","10","false","799","10","39.3"
"15","420","32","52","7","4","10","true","915.8","10","39.3"
"15","430","28","57","5","9","8","false","479.5","10","39.3"
"15","440","20","60","5","9","7","true","389","10","39.3"
"15","450","32","52","10","4","3","false","59","10","39.3"
"15","460","32","54","9","4","7","false","448.9","10","39.3"
"15","470","20","57","10","6","6","false","291.6","10","39.3"
"15","480","36","53","6","7","8","false","506.5","10","39.3"
"15","490","32","59","8","4","9","true","863","10","39.3"
"15","500","24","52","8","8","3","false","36.7","10","36.7"
"16","10","20","58","9","9","6","true","316.7","10","316.7"
"16","20","28","54","9","9","10","false","741.7","10","316.7"
"16","30","20","52","8","7","9","true","679.3","10","316.7"
"16","40","32","57","10","8","5","true","251.8","10","251.8"
"16","50","40","51","8","5","4","true","179.8","10","179.8"
"16","60","36","50","8","4","4","false","125.4","10","125.4"
"16","70","40","50","8","6","8","true","544.5","10","125.4"
"16","80","20","57","10","6","4","true","129.9","10","125.4"
"16","90","20","55","5","8","9","true","632.8","10","125.4"
"16","100","40","57","8","4","6","false","357.9","10","125.4"
"16","110","20","59","8","4","8","false","546.9","10","125.4"
"16","120","32","59","10","6","5","true","303.8","10","125.4"
"16","130","32","55","6","4","3","true","77.6","10","77.6"
"16","140","40","58","7","4","10","false","1053","10","77.6"
"16","150","32","52","5","7","7","false","307.4","10","77.6"
"16","160","24","57","10","4","7","true","532","10","77.6"
"16","170","40","56","8","4","4","true","195.7","10","77.6"
"16","180","20","53","8","6","4","true","89.5","10","77.6"
"16","190","32","59","5","8","4","false","110.6","10","77.6"
"16","200","20","57","7","7","4","false","97.2","10","77.6"
"16","210","20","55","5","7","3","false","38","10","38"
"16","220","20","53","5","9","3","true","38.5","10","38"
"16","230","20","51","9","4","3","false","41.7","10","38"
"16","240","20","50","5","7","3","false","28","10","28"
"16","250","24","56","7","4","9","false","661.7","10","28"
"16","260","20","58","5","4","5","false","180.1","10","28"
"16","270","40","59","8","8","3","true","74.4","10","28"
"16","280","36","60","5","6","9","false","800.2","10","28"
"16","290","24","52","9","4","3","false","53.3","10","28"
"16","300","20","52","5","6","4","false","81.2","10","28"
"16","310","36","58","6","4","3","false","74","10","28"
"16","320","32","59","9","4","4","true","183.7","10","28"
"16","330","20","60","7","5","4","true","125.1","10","28"
"16","340","32","59","8","9","3","false","42.3","10","28"
"16","350","28","52","10","5","5","true","250.9","10","28"
"16","360","24","54","9","4","10","false","778.9","10","28"
"16","370","32","55","5","6","10","false","826.6","10","28"
"16","380","36","50","8","4","7","true","493.1","10","28"
"16","390","24","56","8","4","7","true","468.8","10","28"
"16","400","36","60","10","9","6","false","324.6","10","28"
"16","410","32","60","8","9","7","true","556.4","10","28"
"16","420","32","57","6","4","10","true","1037","10","28"
"16","430","20","54","9","4","8","false","509.8","10","28"
"16","440","36","57","5","5","7","false","458.1","10","28"
"16","450","40","52","5","9","8","false","465.1","10","28"
"16","460","32","53","7","5","10","false","813.1","10","28"
"16","470","36","57","8","7","7","true","559.3","10","28"
"16","480","24","59","7","7","10","false","890","10","28"
"16","490","32","58","9","6","6","true","401.4","10","28"
"16","500","36","50","8","8","7","true","440.4","10","28"
"17","10","36","57","5","4","9","true","835.7","10","835.7"
"17","20","36","58","5","4","6","true","386.3","10","386.3"
"17","30","40","58","8","5","9","true","899.7","10","386.3"
"17","40","20","55","5","8","5","false","154.1","10","154.1"
"17","50","32","54","6","5","9","false","683.3","10","154.1"
"17","60","20","58","8","6","3","true","47.9","10","47.9"
"17","70","40","54","9","4","9","false","727.4","10","47.9"
"17","80","32","58","7","5","5","false","211","10","47.9"
"17","90","32","50","6","5","3","false","49.1","10","47.9"
"17","100","32","58","5","5","3","false","68.5","10","47.9"
"17","110","36","51","7","7","3","false","43.6","10","43.6"
"17","120","20","60","7","4","9","true","778.6","10","43.6"
"17","130","20","54","7","7","4","true","84.7","10","43.6"
"17","140","20","54","6","9","9","true","671.7","10","43.6"
"17","150","24","50","8","7","7","true","403.4","10","43.6"
"17","160","36","59","8","6","3","true","69.2","10","43.6"
"17","170","40","52","6","8","9","true","720","10","43.6"
"17","180","20","50","8","4","3","false","42.5","10","42.5"
"17","190","20","54","5","4","9","false","589.4","10","42.5"
"17","200","40","57","7","6","7","true","570","10","42.5"
"17","210","20","56","7","7","3","true","49.2","10","42.5"
"17","220","20","54","8","8","7","false","314.6","10","42.5"
"17","230","32","53","9","7","4","true","124.6","10","42.5"
"17","240","32","57","7","9","3","false","47.9","10","42.5"
"17","250","32","60","5","4","3","false","84","10","42.5"
"17","260","32","58","5","6","9","true","794.8","10","42.5"
"17","270","24","59","8","7","4","false","111.3","10","42.5"
"17","280","40","55","7","4","10","true","999.7","10","42.5"
"17","290","24","50","10","5","9","true","687","10","42.5"
"17","300","28","55","5","4","8","true","618.1","10","42.5"
"17","310","20","52","10","7","5","false","128.1","10","42.5"
"17","320","20","54","9","9","9","true","739.5","10","42.5"
"17","330","20","59","8","4","5","true","251.8","10","42.5"
"17","340","28","50","5","8","8","true","429.5","10","42.5"
"17","350","36","51","5","9","10","false","668.7","10","42.5"
"17","360","20","55","9","8","10","true","940.3","10","42.5"
"17","370","28","59","5","9","7","false","381.1","10","42.5"
"17","380","40","50","5","7","10","false","703.4","10","42.5"
"17","390","24","54","5","6","4","true","92.9","10","42.5"
"17","400","36","53","8","7","5","true","222.5","10","42.5"
"17","410","32","59","5","8","8","false","549.9","10","42.5"
"17","420","32","60","10","8","7","false","465.6","10","42.5"
"17","430","32","52","6","5","9","false","591.8","10","42.5"
"17","440","20","58","8","4","6","true","368.7","10","42.5"
"17","450","32","59","8","6","10","false","907.5","10","42.5"
"17","460","24","59","9","5","3","false","51.6","10","42.5"
"17","470","32","52","5","7","6","false","254.9","10","42.5"
"17","480","20","53","8","4","5","false","163.6","10","42.5"
"17","490","36","54","9","8","9","true","899.3","10","42.5"
"17","500","20","51","10","7","4","false","69.7","10","42.5"
"18","10","32","51","5","9","5","false","138.7","10","138.7"
"18","20","24","54","7","7","4","false","93.9","10","93.9"
"18","30","20","60","8","7","6","true","316","10","93.9"
"18","40","36","58","8","5","6","true","454.5","10","93.9"
"18","50","20","60","6","7","10","false","791.1","10","93.9"
"18","60","28","59","5","4","9","false","836.1","10","93.9"
"18","70","20","52","8","7","6","false","210.4","10","93.9"
"18","80","24","55","6","7","6","true","306.5","10","93.9"
"18","90","20","56","5","8","5","true","147.3","10","93.9"
"18","100","32","50","7","7","6","false","226.8","10","93.9"
"18","110","28","53","6","6","8","true","528.2","10","93.9"
"18","120","20","59","8","4","6","false","322.7","10","93.9"
"18","130","32","55","5","9","10","false","760.6","10","93.9"
"18","140","24","53","8","7","10","false","692.5","10","93.9"
"18","150","36","51","5","7","6","false","263.9","10","93.9"
"18","160","20","52","10","7","8","true","584.9","10","93.9"
"18","170","20","59","10","4","9","false","714.2","10","93.9"
"18","180","40","50","9","9","8","true","631","10","93.9"
"18","190","20","57","6","7","8","true","550.3","10","93.9"
"18","200","32","58","5","5","3","false","69.9","10","69.9"
"18","210","40","50","5","8","6","false","230.6","10","69.9"
"18","220","20","52","7","9","5","false","132.8","10","69.9"
"18","230","20","59","8","6","6","true","325.6","10","69.9"
"18","240","36","51","7","4","9","true","729.2","10","69.9"
"18","250","36","52","6","4","4","false","112.7","10","69.9"
"18","260","32","56","9","8","9","true","832.2","10","69.9"
"18","270","40","55","9","7","4","true","157","10","69.9"
"18","280","20","52","7","4","8","false","472.8","10","69.9"
"18","290","36","59","9","8","8","false","564.8","10","69.9"
"18","300","40","52","7","4","3","false","69.9","10","69.9"
"18","310","36","56","8","7","5","true","264.9","10","69.9"
"18","320","20","59","5","8","8","false","475.5","10","69.9"
"18","330","28","52","5","5","3","false","43","10","43"
"18","340","36","53","8","7","3","false","46.2","10","43"
"18","350","32","59","7","7","5","false","193.2","10","43"
"18","360","36","57","8","4","9","false","823.6","10","43"
"18","370","32","55","8","7","6","true","375.6","10","43"
"18","380","28","56","8","6","6","true","380","10","43"
"18","390","28","52","5","9","6","true","256.4","10","43"
"18","400","20","51","8","7","5","false","145.7","10","43"
"18","410","20","58","7","7","5","true","189.4","10","43"
"18","420","36","50","5","7","8","true","525.5","10","43"
"18","430","36","54","8","6","9","true","796.8","10","43"
"18","440","20","56","8","8","5","true","195.3","10","43"
"18","450","28","51","8","5","5","false","174.2","10","43"
"18","460","28","56","8","6","4","true","142.8","10","43"
"18","470","32","58","5","8","9","true","746","10","43"
"18","480","32","56","8","6","8","true","705.2","10","43"
"18","490","28","54","7","9","3","false","33","10","33"
"18","500","20","53","7","7","8","false","439.4","10","33"
"19","10","36","60","8","4","4","false","162.9","10","162.9"
"19","20","32","52","9","7","4","false","101.1","10","101.1"
"19","30","32","59","10","9","3","false","54.7","10","54.7"
"19","40","20","57","9","4","6","false","297.2","10","54.7"
"19","50","36","59","8","4","10","false","1008.5","10","54.7"
"19","60","20","50","6","5","5","false","138.5","10","54.7"
"19","70","28","55","9","5","8","true","688.3","10","54.7"
"19","80","40","60","9","5","8","false","720.1","10","54.7"
"19","90","28","58","7","5","6","true","360.3","10","54.7"
"19","100","20","57","6","7","5","true","186.7","10","54.7"
"19","110","28","52","10","7","7","true","510.8","10","54.7"
"19","120","32","54","5","8","4","true","119.2","10","54.7"
"19","130","32","54","8","8","9","true","814.8","10","54.7"
"19","140","32","50","6","7","8","false","457.7","10","54.7"
"19","150","24","50","5","5","6","true","253.6","10","54.7"
"19","160","36","57","6","4","6","true","408.3","10","54.7"
"19","170","24","60","9","9","6","false","308.1","10","54.7"
"19","180","32","56","8","7","7","true","485.3","10","54.7"
"19","190","32","56","5","4","6","false","348.4","10","54.7"
"19","200","32","60","8","7","6","true","390","10","54.7"
"19","210","20","50","7","7","10","true","739.1","10","54.7"
"19","220","20","60","9","5","9","true","823.6","10","54.7"
"19","230","36","60","8","9","10","true","1054.8","10","54.7"
"19","240","32","60","8","7","8","false","615.6","10","54.7"
"19","250","36","56","8","4","6","false","358.8","10","54.7"
"19","260","20","58","8","9","4","false","92.2","10","54.7"
"19","270","24","54","8","9","3","false","38.3","10","38.3"
"19","280","32","50","8","9","10","false","612.4","10","38.3"
"19","290","20","59","5","7","5","false","179.1","10","38.3"
"19","300","20","50","7","7","10","true","754.7","10","38.3"
"19","310","28","56","6","6","4","true","135.5","10","38.3"
"19","320","36","57","10","4","5","true","326.2","10","38.3"
"19","330","40","57","8","9","4","true","131.3","10","38.3"
"19","340","36","60","10","5","8","false","712.5","10","38.3"
"19","350","36","59","9","7","9","false","743.5","10","38.3"
"19","360","32","57","8","4","8","true","719.2","10","38.3"
"19","370","28","59","5","8","6","true","302.2","10","38.3"
"19","380","20","54","6","5","7","true","395.2","10","38.3"
"19","390","40","52","6","7","8","false","481.5","10","38.3"
"19","400","20","54","8","7","9","false","555","10","38.3"
"19","410","32","52","5","4","9","true","715.2","10","38.3"
"19","420","20","52","8","4","3","true","55.5","10","38.3"
"19","430","20","50","9","4","4","true","115.5","10","38.3"
"19","440","24","59","10","7","4","true","158.9","10","38.3"
"19","450","32","57","8","4","3","true","83.3","10","38.3"
"19","460","20","57","7","5","5","false","191.8","10","38.3"
"19","470","28","59","8","6","8","false","588.8","10","38.3"
"19","480","20","60","7","9","6","false","292.7","10","38.3"
"19","490","20","52","8","7","3","true","38.2","10","38.2"
"19","500","40","53","10","7","7","true","496.3","10","38.2"
"20","10","28","52","8","7","3","false","30.8","10","30.8"
"20","20","28","50","6","4","6","false","277.2","10","30.8"
"20","30","24","50","6","7","6","false","206.5","10","30.8"
"20","40","20","59","6","7","3","true","53.3","10","30.8"
"20","50","40","59","9","9","6","true","384.2","10","30.8"
"20","60","24","53","6","4","5","true","219.4","10","30.8"
"20","70","32","57","9","9","5","true","222.1","10","30.8"
"20","80","24","50","7","7","6","false","207.4","10","30.8"
"20","90","24","58","8","4","9","false","794.4","10","30.8"
"20","100","32","54","9","5","4","true","153.6","10","30.8"
"20","110","24","50","5","4","6","false","267.2","10","30.8"
"20","120","28","52","10","6","4","false","97.2","10","30.8"
"20","130","32","52","5","6","8","false","463.6","10","30.8"
"20","140","40","57","8","8","10","false","887.8","10","30.8"
"20","150","24","59","8","6","6","true","359","10","30.8"
"20","160","24","50","5","4","4","false","93.4","10","30.8"
"20","170","20","54","8","7","3","false","29.5","10","29.5"
"20","180","28","60","5","6","6","false","347","10","29.5"
"20","190","20","53","7","7","3","true","46.2","10","29.5"
"20","200","20","57","6","7","3","true","48.8","10","29.5"
"20","210","36","59","7","8","10","false","929.5","10","29.5"
"20","220","32","50","8","8","9","true","746.1","10","29.5"
"20","230","20","59","6","5","6","false","318.4","10","29.5"
"20","240","32","55","5","5","3","true","60.3","10","29.5"
"20","250","32","55","8","7","9","true","850.6","10","29.5"
"20","260","32","53","8","4","8","false","546.2","10","29.5"
"20","270","40","59","6","7","9","true","800.6","10","29.5"
"20","280","40","52","9","4","6","true","375.5","10","29.5"
"20","290","40","50","8","5","8","false","464.1","10","29.5"
"20","300","32","59","8","4","8","true","777.6","10","29.5"
"20","310","24","56","7","8","7","true","430.6","10","29.5"
"20","320","28","57","8","5","8","false","527.2","10","29.5"
"20","330","36","51","8","6","4","true","130.2","10","29.5"
"20","340","36","58","8","5","3","false","71","10","29.5"
"20","350","20","56","8","9","7","true","427.1","10","29.5"
"20","360","40","53","8","6","10","true","1104.1","10","29.5"
"20","370","20","52","8","6","7","false","333","10","29.5"
"20","380","20","50","7","4","10","false","701.5","10","29.5"
"20","390","32","52","7","4","8","false","534.1","10","29.5"
"20","400","32","50","7","4","7","true","423.2","10","29.5"
"20","410","32","57","10","9","9","false","689.4","10","29.5"
"20","420","32","57","5","9","7","true","448.8","10","29.5"
"20","430","40","60","5","7","3","false","61.8","10","29.5"
"20","440","32","57","6","7","5","false","190.2","10","29.5"
"20","450","32","57","6","4","3","true","85.5","10","29.5"
"20","460","20","57","8","8","7","false","334.5","10","29.5"
"20","470","24","55","10","8","6","false","255.9","10","29.5"
"20","480","40","56","6","7","9","true","782.3","10","29.5"
"20","490","28","59","7","7","5","true","216.2","10","29.5"
"20","500","32","57","10","6","9","false","730.4","10","29.5"
